fc:44:9f:f9:c3:11,24:b7:2a:43:ea:5b
,
,
,
,
,
,
,
fc:44:9f:f9:c1:b7,24:b7:2a:43:e9:b1
,
fc:44:9f:f9:c1:aa,24:b7:2a:43:ee:45
,
,
,
,
,
,
,
,
,
,
,
,
,
,
,
,
,
,
,
,
,
,
,
,
,
,
,
,
,
,
,
,
,
,
,
,
,
,
,
,
,
,
,
,
,
,
,
,
,
,
,
,
,
,
,
,
,
,
,
,
,
,
,
,
,
,
,
,
,
,
,
,
,
,
,
,
,
,
,
fc:44:9f:f9:c0:05,24:b7:2a:43:d1:fb
,
,
,
,
,
,
,
,
,
,
,
,
,
,
,
30:e1:f1:49:66:fd,30:e1:f1:49:66:fe
,
,
30:e1:f1:49:66:fd,30:e1:f1:49:66:fe
,
,
30:e1:f1:49:6d:17,30:e1:f1:49:6d:18
,
,
,
,
,
,
30:e1:f1:49:68:65,30:e1:f1:49:68:66
30:e1:f1:49:68:67,30:e1:f1:49:68:68
,
30:e1:f1:49:6d:2f,30:e1:f1:49:6d:30
,
,
,
,
,
30:e1:f1:49:6d:49,30:e1:f1:49:6d:4a
,
,
,
,
,
,
,
,
,
,
30:e1:f1:49:55:8f,30:e1:f1:49:55:90
,
,
,
,
,
,
,
,
,
,
30:e1:f1:49:54:3f,30:e1:f1:49:54:40
,
,
,
,
,
,
fc:44:9f:f9:c5:db,24:b7:2a:ae:38:ed
